Time,Cutting_Produced,Cutting_Resource,Folding_Produced,Folding_Resource,Bonding_Produced,Bonding_Resource,Labeling_Produced,Labeling_Resource,Kanban_Cutting,Kanban_Folding,Kanban_Bonding,Kanban_Labeling
0.25020265579223633,0,25,0,79,0,83,0,77,1,1,1,1
1.6109857559204102,0,25,0,79,0,83,0,77,1,1,1,1
2.750859498977661,0,25,0,79,0,83,0,77,1,1,1,1
3.887559652328491,0,25,0,79,0,83,0,77,1,1,1,1
5.0141706466674805,0,25,0,79,0,83,0,77,1,1,1,1
6.154595136642456,0,25,0,79,0,83,0,77,1,1,1,1
7.28119683265686,0,25,0,79,0,83,1,76,1,1,1,1
8.417036056518555,0,25,0,79,0,83,1,76,1,1,1,1
9.57179045677185,0,25,0,79,0,83,1,76,1,1,1,1
10.709250450134277,0,25,0,79,0,83,1,76,1,1,1,1
11.837693452835083,0,25,0,79,0,83,1,76,1,1,1,1
12.976152658462524,0,25,0,79,0,83,1,76,1,1,1,1
14.124677896499634,0,25,0,79,0,83,1,76,1,1,1,1
15.248008012771606,0,25,0,79,0,83,1,76,1,1,1,1
16.72698163986206,0,25,0,79,0,83,2,75,1,1,1,1
17.866111993789673,0,25,0,79,0,83,2,75,1,1,1,1
19.0010826587677,0,25,0,79,0,83,2,75,1,1,1,1
20.128381490707397,0,25,0,79,0,83,2,75,1,1,1,1
21.259400129318237,0,25,0,79,0,83,2,75,1,1,1,1
22.396450996398926,0,25,0,79,0,82,2,76,1,1,1,1
23.53162693977356,0,25,0,79,0,82,2,76,1,1,1,1
24.65141272544861,0,25,0,79,0,82,3,75,1,1,1,1
25.780747652053833,0,25,0,79,0,82,3,75,1,1,1,1
26.914724588394165,0,25,0,79,0,82,3,75,1,1,1,1
28.044492483139038,0,25,0,79,0,82,3,75,1,1,1,1
29.181551456451416,0,25,0,79,0,82,3,75,1,1,1,1
30.315648555755615,0,25,0,79,0,82,3,75,1,1,1,1
31.453478813171387,0,25,0,79,0,82,3,75,1,1,1,1
32.58856534957886,0,25,0,79,0,82,4,74,1,1,1,1
33.72346758842468,0,25,0,79,0,82,4,74,1,1,1,1
34.842329025268555,0,25,0,79,0,82,4,74,1,1,1,1
35.9671311378479,0,25,0,79,0,82,4,74,1,1,1,1
37.09327578544617,0,25,0,79,0,82,4,74,1,1,1,1
38.222412109375,0,25,0,79,0,82,4,74,1,1,1,1
39.36412811279297,0,25,0,79,0,82,5,73,1,1,1,1
40.497642278671265,0,25,0,78,0,83,5,73,1,1,1,1
41.62985897064209,0,25,0,78,0,83,5,73,1,1,1,1
42.762078523635864,0,25,0,78,0,83,5,73,1,1,1,1
43.89866542816162,0,25,0,78,0,82,5,74,1,1,1,1
45.03075361251831,0,25,0,78,0,82,5,74,1,1,1,1
46.165388107299805,0,25,0,78,0,82,5,74,1,1,1,1
47.2992377281189,0,25,0,78,0,82,5,74,1,1,1,1
48.43209934234619,0,25,0,78,0,82,6,73,1,1,1,1
49.55028748512268,0,25,0,78,0,82,6,73,1,1,1,1
50.68607759475708,0,25,0,78,0,82,6,73,1,1,1,1
51.81955528259277,0,25,0,78,0,82,6,73,1,1,1,1
52.9322407245636,0,25,0,78,0,82,6,73,1,1,1,1
54.06659483909607,0,25,0,78,0,82,6,73,1,1,1,1
55.20285677909851,0,25,0,78,0,82,6,73,1,1,1,1
56.3365216255188,0,25,0,78,0,82,7,72,1,1,1,1
57.46774697303772,0,25,0,78,0,82,7,72,1,1,1,1
58.615652561187744,0,25,0,78,0,82,7,72,1,1,1,1
59.749953508377075,0,25,0,78,0,82,7,72,1,1,1,1
60.88562607765198,0,25,0,78,0,82,7,72,1,1,1,1
62.053396224975586,0,25,0,78,0,82,7,72,1,1,1,1
63.212517738342285,0,25,0,78,0,82,7,72,1,1,1,1
64.36262106895447,0,25,0,78,0,82,8,71,1,1,1,1
65.49277591705322,0,25,0,78,0,82,8,71,1,1,1,1
66.62258839607239,0,25,0,78,0,81,8,72,1,1,1,1
67.74854397773743,0,25,0,78,0,81,8,72,1,1,1,1
68.88273596763611,0,25,0,78,0,81,8,72,1,1,1,1
70.00469207763672,0,25,0,78,0,81,8,72,1,1,1,1
71.16231417655945,0,25,0,78,0,81,8,72,1,1,1,1
72.31230974197388,0,25,0,78,0,81,8,72,1,1,1,1
73.442378282547,0,25,0,78,0,81,9,71,1,1,1,1
74.59249114990234,0,25,0,78,0,81,9,71,1,1,1,1
75.74332284927368,0,25,0,78,0,81,9,71,1,1,1,1
76.86725354194641,0,25,0,78,0,81,9,71,1,1,1,1
78.00747990608215,0,25,0,78,0,81,9,71,1,1,1,1
79.14265942573547,0,25,0,78,0,81,9,71,1,1,1,1
80.28279376029968,0,25,0,78,0,81,9,71,1,1,1,1
81.43011283874512,0,25,0,78,0,81,9,71,1,1,1,1
82.5799491405487,0,25,0,77,0,82,9,71,1,1,1,1
83.72223353385925,0,25,0,77,0,82,10,70,1,1,1,1
84.85309028625488,0,25,0,77,0,82,10,70,1,1,1,1
85.98237133026123,0,25,0,77,0,82,10,70,1,1,1,1
87.11846375465393,0,25,0,77,0,82,10,70,1,1,1,1
88.2501380443573,0,25,0,77,0,81,10,71,1,1,1,1
89.37306809425354,0,25,0,77,0,81,10,71,1,1,1,1
90.49638175964355,0,25,0,77,0,81,10,71,1,1,1,1
91.69225263595581,0,25,0,77,0,81,10,71,1,1,1,1
93.00766897201538,0,25,0,77,0,81,10,71,1,1,1,1
94.14241790771484,0,25,0,77,0,81,11,70,1,1,1,1
95.26096296310425,0,25,0,77,0,81,11,70,1,1,1,1
96.41079783439636,0,25,0,77,0,81,11,70,1,1,1,1
97.53108835220337,0,25,0,77,0,81,11,70,1,1,1,1
98.67067551612854,0,25,0,77,0,81,11,70,1,1,1,1
99.8307728767395,0,25,0,77,0,81,11,70,1,1,1,1
100.97201561927795,0,25,0,77,0,81,11,70,1,1,1,1
102.11122488975525,0,25,0,77,0,81,11,70,1,1,1,1
103.22724270820618,0,24,0,78,0,81,11,70,1,1,1,1
104.34047651290894,0,24,0,78,0,81,12,69,1,1,1,1
105.46541547775269,0,24,0,78,0,81,12,69,1,1,1,1
106.61088299751282,0,24,0,78,0,81,12,69,1,1,1,1
107.75033712387085,0,24,0,78,0,81,12,69,1,1,1,1
108.89049625396729,0,24,0,78,0,81,12,69,1,1,1,1
110.03066444396973,0,24,0,78,0,81,12,69,1,1,1,1
111.15398693084717,0,24,0,78,0,80,13,69,1,1,1,1
112.27884936332703,0,24,0,78,0,80,13,69,1,1,1,1
113.40496325492859,0,24,0,78,0,80,13,69,1,1,1,1
114.53750085830688,0,24,0,78,0,80,13,69,1,1,1,1
115.67750453948975,0,24,0,78,0,80,13,69,1,1,1,1
116.79543042182922,0,24,0,78,0,80,13,69,1,1,1,1
117.91347026824951,0,24,0,78,0,80,14,68,1,1,1,1
119.03827214241028,0,24,0,78,0,80,14,68,1,1,1,1
120.15876364707947,0,24,0,78,0,80,14,68,1,1,1,1
121.29621171951294,0,24,0,78,0,80,14,68,1,1,1,1
122.42090225219727,0,24,0,77,0,81,14,68,1,1,1,1
123.5391321182251,0,24,0,77,0,81,14,68,1,1,1,1
124.66169714927673,0,24,0,77,0,81,14,68,1,1,1,1
125.86006498336792,0,24,0,77,0,81,15,67,1,1,1,1
126.98765087127686,0,24,0,77,0,81,15,67,1,1,1,1
128.12294220924377,0,24,0,77,0,81,15,67,1,1,1,1
129.25029349327087,0,24,0,77,0,81,15,67,1,1,1,1
130.37161135673523,0,24,0,77,0,81,15,67,1,1,1,1
131.50723910331726,0,24,0,77,0,81,15,67,1,1,1,1
132.6448175907135,0,24,0,77,0,81,16,66,1,1,1,1
133.76842784881592,0,24,0,77,0,80,16,67,1,1,1,1
134.9051375389099,0,24,0,77,0,80,16,67,1,1,1,1
136.03817057609558,0,24,0,77,0,80,16,67,1,1,1,1
137.17712593078613,0,24,0,77,0,80,16,67,1,1,1,1
138.2961344718933,0,24,0,77,0,80,16,67,1,1,1,1
139.43155789375305,0,24,0,77,0,80,16,67,1,1,1,1
140.55543661117554,0,24,0,77,0,80,17,66,1,1,1,1
141.69327545166016,0,24,0,77,0,80,17,66,1,1,1,1
142.81410932540894,0,24,0,77,0,80,17,66,1,1,1,1
143.9466598033905,0,24,0,77,0,80,17,66,1,1,1,1
145.06717777252197,0,24,0,77,0,80,17,66,1,1,1,1
146.19444060325623,0,24,0,77,0,80,17,66,1,1,1,1
147.32733798027039,0,24,0,77,0,80,18,65,1,1,1,1
148.45978617668152,0,24,0,77,0,80,18,65,1,1,1,1
149.57756543159485,0,24,0,77,0,80,18,65,1,1,1,1
150.70258617401123,0,24,0,77,0,80,18,65,1,1,1,1
151.83552646636963,0,24,0,77,0,80,18,65,1,1,1,1
152.96013259887695,0,24,0,77,0,80,18,65,1,1,1,1
154.07970714569092,0,24,0,77,0,80,19,64,1,1,1,1
155.22611951828003,0,24,0,77,0,80,19,64,1,1,1,1
156.3538420200348,0,24,0,77,0,80,19,64,1,1,1,1
157.47879552841187,0,24,0,77,0,79,19,65,1,1,1,1
158.59847903251648,0,24,0,77,0,79,19,65,1,1,1,1
159.71966338157654,0,24,0,77,0,79,19,65,1,1,1,1
160.84563064575195,0,24,0,77,0,79,20,64,1,1,1,1
161.96766829490662,0,24,0,77,0,79,20,64,1,1,1,1
163.08728194236755,0,24,0,76,0,80,20,64,1,1,1,1
164.8798348903656,0,24,0,76,0,80,20,64,1,1,1,1
166.00113248825073,0,24,0,76,0,80,20,64,1,1,1,1
167.12236046791077,0,24,0,76,0,80,20,64,1,1,1,1
168.24331521987915,0,24,0,76,0,80,21,63,1,1,1,1
169.36646699905396,0,24,0,76,0,80,21,63,1,1,1,1
170.49707436561584,0,24,0,76,0,80,21,63,1,1,1,1
171.6263723373413,0,24,0,76,0,80,21,63,1,1,1,1
172.74804067611694,0,24,0,76,0,80,21,63,1,1,1,1
173.87869811058044,0,24,0,76,0,80,22,62,1,1,1,1
175.02007460594177,0,24,0,76,0,80,22,62,1,1,1,1
176.18456530570984,0,24,0,76,0,80,22,62,1,1,1,1
177.32026624679565,0,24,0,76,0,80,22,62,1,1,1,1
178.46517753601074,0,24,0,76,0,80,22,62,1,1,1,1
179.61704540252686,0,24,0,76,0,80,22,62,1,1,1,1
180.75231170654297,0,24,0,76,0,80,23,61,1,1,1,1
183.05913996696472,0,24,0,76,0,79,23,62,1,1,1,1
184.18139171600342,0,24,0,76,0,79,23,62,1,1,1,1
185.30382776260376,0,24,0,76,0,79,23,62,1,1,1,1
186.42968082427979,0,24,0,76,0,79,24,61,1,1,1,1
187.57593536376953,0,24,0,76,0,79,24,61,1,1,1,1
188.70953512191772,0,24,0,76,0,79,24,61,1,1,1,1
189.86088252067566,0,24,0,76,0,79,24,61,1,1,1,1
190.99711203575134,0,24,0,76,0,79,24,61,1,1,1,1
192.24194765090942,0,24,0,76,0,79,24,61,1,1,1,1
193.43327355384827,0,24,0,76,0,79,24,61,1,1,1,1
194.56624507904053,0,24,0,76,0,79,25,60,1,1,1,1
195.70883655548096,0,24,0,76,0,79,25,60,1,1,1,1
196.83166027069092,0,24,0,76,0,79,25,60,1,1,1,1
197.96486973762512,0,24,0,76,0,79,25,60,1,1,1,1
199.08321571350098,0,24,0,76,0,79,25,60,1,1,1,1
200.2269148826599,0,24,0,76,0,79,25,60,1,1,1,1
201.39846277236938,0,24,0,76,0,79,25,60,1,1,1,1
202.51769948005676,0,24,0,76,0,79,26,59,1,1,1,1
203.64996457099915,0,24,0,75,0,80,26,59,1,1,1,1
204.77792239189148,0,24,0,75,0,79,26,60,1,1,1,1
205.90474700927734,0,24,0,75,0,79,26,60,1,1,1,1
207.02240586280823,0,24,0,75,0,79,26,60,1,1,1,1
208.13883185386658,0,24,0,75,0,79,27,59,1,1,1,1
209.2574520111084,0,24,0,75,0,79,27,59,1,1,1,1
210.44853615760803,0,23,0,76,0,79,27,59,1,1,1,1
211.57192158699036,0,23,0,76,0,79,27,59,1,1,1,1
212.7044084072113,0,23,0,76,0,79,27,59,1,1,1,1
213.86757445335388,0,23,0,76,0,79,27,59,1,1,1,1
215.05427837371826,0,23,0,76,0,79,27,59,1,1,1,1
216.19104290008545,0,23,0,76,0,79,27,59,1,1,1,1
217.311674118042,0,23,0,76,0,79,28,58,1,1,1,1
218.44237542152405,0,23,0,76,0,79,28,58,1,1,1,1
219.57109022140503,0,23,0,76,0,79,28,58,1,1,1,1
220.7057683467865,0,23,0,76,0,79,28,58,1,1,1,1
221.8354012966156,0,23,0,76,0,79,28,58,1,1,1,1
222.9812695980072,0,23,0,76,0,79,28,58,1,1,1,1
224.11182188987732,0,23,0,76,0,79,28,58,1,1,1,1
225.2443881034851,0,23,0,76,0,79,29,57,1,1,1,1
226.36991500854492,0,23,0,76,0,79,29,57,1,1,1,1
227.50852179527283,0,23,0,76,0,78,29,58,1,1,1,1
228.64076280593872,0,23,0,76,0,78,29,58,1,1,1,1
229.76802444458008,0,23,0,76,0,78,29,58,1,1,1,1
230.88592553138733,0,23,0,76,0,78,29,58,1,1,1,1
232.02227997779846,0,23,0,76,0,78,30,57,1,1,1,1
233.14827847480774,0,23,0,76,0,78,30,57,1,1,1,1
234.27803874015808,0,23,0,76,0,78,30,57,1,1,1,1
235.4018256664276,0,23,0,76,0,78,30,57,1,1,1,1
236.52279376983643,0,23,0,76,0,78,30,57,1,1,1,1
237.63650035858154,0,23,0,76,0,78,30,57,1,1,1,1
238.75699281692505,0,23,0,76,0,78,30,57,1,1,1,1
240.81132245063782,0,23,0,76,0,78,31,56,1,1,1,1
241.93651175498962,0,23,0,76,0,78,31,56,1,1,1,1
243.06908583641052,0,23,0,75,0,79,31,56,1,1,1,1
244.19842171669006,0,23,0,75,0,79,31,56,1,1,1,1
245.3412549495697,0,23,0,75,0,79,31,56,1,1,1,1
246.48161149024963,0,23,0,75,0,79,31,56,1,1,1,1
247.59925246238708,0,23,0,75,0,79,32,55,1,1,1,1
248.72646737098694,0,23,0,75,0,79,32,55,1,1,1,1
249.85523390769958,0,23,0,75,0,79,32,55,1,1,1,1
250.9882447719574,0,23,0,75,0,78,32,56,1,1,1,1
252.10622715950012,0,23,0,75,0,78,32,56,1,1,1,1
253.23588013648987,0,23,0,75,0,78,32,56,1,1,1,1
254.35296750068665,0,23,0,75,0,78,33,55,1,1,1,1
255.509135723114,0,23,0,75,0,78,33,55,1,1,1,1
256.6264533996582,0,23,0,75,0,78,33,55,1,1,1,1
257.7477927207947,0,23,0,75,0,78,33,55,1,1,1,1
258.88213753700256,0,23,0,75,0,78,33,55,1,1,1,1
260.0246596336365,0,23,0,75,0,78,33,55,1,1,1,1
261.14211416244507,0,23,0,75,0,78,33,55,1,1,1,1
262.28207755088806,0,23,0,75,0,78,34,54,1,1,1,1
263.4603178501129,0,23,0,75,0,78,34,54,1,1,1,1
264.5803933143616,0,23,0,75,0,78,34,54,1,1,1,1
265.7059350013733,0,23,0,75,0,78,34,54,1,1,1,1
266.84001755714417,0,23,0,75,0,78,34,54,1,1,1,1
267.97451305389404,0,23,0,75,0,78,34,54,1,1,1,1
269.0882477760315,0,23,0,75,0,78,34,54,1,1,1,1
270.21989727020264,0,23,0,75,0,78,35,53,1,1,1,1
271.33521461486816,0,23,0,75,0,78,35,53,1,1,1,1
272.4536213874817,0,23,0,75,0,77,35,54,1,1,1,1
273.57409620285034,0,23,0,75,0,77,35,54,1,1,1,1
274.69018363952637,0,23,0,75,0,77,35,54,1,1,1,1
275.8144590854645,0,23,0,75,0,77,36,53,1,1,1,1
276.93442940711975,0,23,0,75,0,77,36,53,1,1,1,1
278.11831974983215,0,23,0,75,0,77,36,53,1,1,1,1
279.2656219005585,0,23,0,75,0,77,36,53,1,1,1,1
280.39726519584656,0,23,0,75,0,77,36,53,1,1,1,1
281.53637957572937,0,23,0,75,0,77,36,53,1,1,1,1
282.66448163986206,0,23,0,75,0,77,36,53,1,1,1,1
283.80451488494873,0,23,0,75,0,77,36,53,1,1,1,1
284.9445300102234,0,23,0,74,0,78,37,52,1,1,1,1
286.0759057998657,0,23,0,74,0,78,37,52,1,1,1,1
287.21081376075745,0,23,0,74,0,78,37,52,1,1,1,1
288.3495047092438,0,23,0,74,0,78,37,52,1,1,1,1
289.48468255996704,0,23,0,74,0,78,37,52,1,1,1,1
290.62442350387573,0,23,0,74,0,78,37,52,1,1,1,1
291.75806069374084,0,23,0,74,0,78,37,52,1,1,1,1
292.894593000412,0,23,0,74,0,78,37,52,1,1,1,1
294.0261433124542,0,23,0,74,0,78,37,52,1,1,1,1
295.1601948738098,0,23,0,74,0,77,38,52,1,1,1,1
296.2900311946869,0,23,0,74,0,77,38,52,1,1,1,1
297.44985127449036,0,23,0,74,0,77,38,52,1,1,1,1
298.5743134021759,0,23,0,74,0,77,38,52,1,1,1,1
299.76132011413574,0,23,0,74,0,77,38,52,1,1,1,1
300.8850371837616,0,23,0,74,0,77,38,52,1,1,1,1
302.0285804271698,0,23,0,74,0,77,38,52,1,1,1,1
303.1547124385834,0,23,0,74,0,77,39,51,1,1,1,1
304.29477763175964,0,23,0,74,0,77,39,51,1,1,1,1
305.4346251487732,0,23,0,74,0,77,39,51,1,1,1,1
306.56646513938904,0,23,0,74,0,77,39,51,1,1,1,1
307.70437145233154,0,23,0,74,0,77,39,51,1,1,1,1
308.8495864868164,0,23,0,74,0,77,39,51,1,1,1,1
309.98000597953796,0,23,0,74,0,77,39,51,1,1,1,1
311.1143419742584,0,23,0,74,0,77,40,50,1,1,1,1
312.2353262901306,0,23,0,74,0,77,40,50,1,1,1,1
313.3745286464691,0,23,0,74,0,77,40,50,1,1,1,1
314.5135431289673,0,23,0,74,0,77,40,50,1,1,1,1
315.64743065834045,0,23,0,74,0,77,40,50,1,1,1,1
316.77975726127625,0,23,0,74,0,76,41,50,1,1,1,1
317.9017505645752,0,23,0,74,0,76,41,50,1,1,1,1
319.0209140777588,0,22,0,75,0,76,41,50,1,1,1,1
320.15018796920776,0,22,0,75,0,76,41,50,1,1,1,1
321.28080797195435,0,22,0,75,0,76,41,50,1,1,1,1
322.4059796333313,0,22,0,75,0,76,41,50,1,1,1,1
323.53751730918884,0,22,0,75,0,76,41,50,1,1,1,1
324.65627336502075,0,22,0,74,0,77,42,49,1,1,1,1
325.78757405281067,0,22,0,74,0,77,42,49,1,1,1,1
326.9211456775665,0,22,0,74,0,77,42,49,1,1,1,1
328.04111528396606,0,22,0,74,0,77,42,49,1,1,1,1
329.1724441051483,0,22,0,74,0,77,42,49,1,1,1,1
330.30479526519775,0,22,0,74,0,77,42,49,1,1,1,1
331.4253206253052,0,22,0,74,0,77,42,49,1,1,1,1
332.5425395965576,0,22,0,74,0,77,42,49,1,1,1,1
333.670352935791,0,22,0,74,0,77,43,48,1,1,1,1
334.80871319770813,0,22,0,74,0,77,43,48,1,1,1,1
335.9275984764099,0,22,0,74,0,77,43,48,1,1,1,1
337.04653787612915,0,22,0,74,0,77,43,48,1,1,1,1
338.1679389476776,0,22,0,74,0,76,43,49,1,1,1,1
339.3120741844177,0,22,0,74,0,76,43,49,1,1,1,1
340.4304654598236,0,22,0,74,0,76,43,49,1,1,1,1
341.54744958877563,0,22,0,74,0,76,44,48,1,1,1,1
342.6669759750366,0,22,0,74,0,76,44,48,1,1,1,1
343.7973599433899,0,22,0,74,0,76,44,48,1,1,1,1
344.92635202407837,0,22,0,74,0,76,44,48,1,1,1,1
346.04944801330566,0,22,0,74,0,76,44,48,1,1,1,1
347.1812958717346,0,22,0,74,0,76,44,48,1,1,1,1
348.332111120224,0,22,0,74,0,76,45,47,1,1,1,1
349.513210773468,0,22,0,74,0,76,45,47,1,1,1,1
350.68472242355347,0,22,0,74,0,76,45,47,1,1,1,1
351.8629512786865,0,22,0,74,0,76,45,47,1,1,1,1
352.99190306663513,0,22,0,74,0,76,45,47,1,1,1,1
354.1484375,0,22,0,74,0,76,45,47,1,1,1,1
355.32100319862366,0,22,0,74,0,76,46,46,1,1,1,1
356.4533462524414,0,22,0,74,0,76,46,46,1,1,1,1
357.5873477458954,0,22,0,74,0,76,46,46,1,1,1,1
358.7198579311371,0,22,0,74,0,76,46,46,1,1,1,1
359.85299372673035,0,22,0,74,0,75,46,47,1,1,1,1
360.97212839126587,0,22,0,74,0,75,46,47,1,1,1,1
362.12022280693054,0,22,0,74,0,75,46,47,1,1,1,1
363.25562596321106,0,22,0,74,0,75,47,46,1,1,1,1
364.39073157310486,0,22,0,74,0,75,47,46,1,1,1,1
365.5093505382538,0,22,0,73,0,76,47,46,1,1,1,1
366.70954489707947,0,22,0,73,0,76,47,46,1,1,1,1
367.9026482105255,0,22,0,73,0,76,47,46,1,1,1,1
369.0933473110199,0,22,0,73,0,76,47,46,1,1,1,1
370.276974439621,0,22,0,73,0,76,47,46,1,1,1,1
371.4261791706085,0,22,0,73,0,76,48,45,1,1,1,1
372.5682644844055,0,22,0,73,0,76,48,45,1,1,1,1
373.7064929008484,0,22,0,73,0,76,48,45,1,1,1,1
374.8471531867981,0,22,0,73,0,76,48,45,1,1,1,1
375.97491812705994,0,22,0,73,0,76,48,45,1,1,1,1
377.11213731765747,0,22,0,73,0,76,49,44,1,1,1,1
378.2289080619812,0,22,0,73,0,76,49,44,1,1,1,1
379.3481116294861,0,22,0,73,0,76,49,44,1,1,1,1
380.46534395217896,0,22,0,73,0,76,49,44,1,1,1,1
381.58224296569824,0,22,0,73,0,76,49,44,1,1,1,1
382.7035286426544,0,22,0,73,0,76,49,44,1,1,1,1
383.84291195869446,0,22,0,73,0,75,49,45,1,1,1,1
384.9670400619507,0,22,0,73,0,75,50,44,1,1,1,1
386.100576877594,0,22,0,73,0,75,50,44,1,1,1,1
387.2344009876251,0,22,0,73,0,75,50,44,1,1,1,1
388.44085812568665,0,22,0,73,0,75,50,44,1,1,1,1
389.5750494003296,0,22,0,73,0,75,50,44,1,1,1,1
390.72503113746643,0,22,0,73,0,75,50,44,1,1,1,1
391.8368148803711,0,22,0,73,0,75,51,43,1,1,1,1
392.9653551578522,0,22,0,73,0,75,51,43,1,1,1,1
394.1050946712494,0,22,0,73,0,75,51,43,1,1,1,1
395.23969984054565,0,22,0,73,0,75,51,43,1,1,1,1
396.37593150138855,0,22,0,73,0,75,51,43,1,1,1,1
397.5061752796173,0,22,0,73,0,75,52,42,1,1,1,1
398.6454484462738,0,22,0,73,0,75,52,42,1,1,1,1
399.79539608955383,0,22,0,73,0,75,52,42,1,1,1,1
400.92519760131836,0,22,0,73,0,75,52,42,1,1,1,1
402.0451617240906,0,22,0,73,0,75,52,42,1,1,1,1
403.17081809043884,0,22,0,73,0,75,52,42,1,1,1,1
404.3053479194641,0,22,0,73,0,75,52,42,1,1,1,1
405.4352607727051,0,22,0,73,0,75,52,42,1,1,1,1
406.55550265312195,0,22,0,73,0,75,53,41,1,1,1,1
407.68549132347107,0,22,0,73,0,74,53,42,1,1,1,1
408.82515001296997,0,22,0,72,0,75,53,42,1,1,1,1
409.95541620254517,0,22,0,72,0,75,53,42,1,1,1,1
411.09594988822937,0,22,0,72,0,75,53,42,1,1,1,1
412.22496342658997,0,22,0,72,0,75,53,42,1,1,1,1
413.3741991519928,0,22,0,72,0,75,53,42,1,1,1,1
414.52071142196655,0,22,0,72,0,75,54,41,1,1,1,1
415.6458122730255,0,22,0,72,0,75,54,41,1,1,1,1
416.7853021621704,0,22,0,72,0,75,54,41,1,1,1,1
417.9017262458801,0,22,0,72,0,75,54,41,1,1,1,1
419.03215885162354,0,22,0,72,0,75,54,41,1,1,1,1
420.17022156715393,0,22,0,72,0,75,54,41,1,1,1,1
421.31499218940735,0,22,0,72,0,75,54,41,1,1,1,1
422.45529794692993,0,22,0,72,0,75,55,40,1,1,1,1
423.5952706336975,0,22,0,72,0,75,55,40,1,1,1,1
424.7353312969208,0,22,0,72,0,75,55,40,1,1,1,1
425.8653280735016,0,22,0,72,0,75,55,40,1,1,1,1
427.0055215358734,0,22,0,72,0,75,55,40,1,1,1,1
428.13115406036377,0,21,0,73,0,74,56,40,1,1,1,1
429.2651619911194,0,21,0,73,0,74,56,40,1,1,1,1
430.3960654735565,0,21,0,73,0,74,56,40,1,1,1,1
431.53523206710815,0,21,0,73,0,74,56,40,1,1,1,1
432.70523047447205,0,21,0,73,0,74,56,40,1,1,1,1
433.83544540405273,0,21,0,73,0,74,57,39,1,1,1,1
434.96425676345825,0,21,0,73,0,74,57,39,1,1,1,1
436.1053788661957,0,21,0,73,0,74,57,39,1,1,1,1
437.24137473106384,0,21,0,73,0,74,57,39,1,1,1,1
438.37491250038147,0,21,0,73,0,74,57,39,1,1,1,1
439.490198135376,0,21,0,73,0,74,57,39,1,1,1,1
440.6309452056885,0,21,0,73,0,74,58,38,1,1,1,1
441.7753674983978,0,21,0,73,0,74,58,38,1,1,1,1
442.90060925483704,0,21,0,73,0,74,58,38,1,1,1,1
444.037109375,0,21,0,73,0,74,58,38,1,1,1,1
445.1752898693085,0,21,0,73,0,74,58,38,1,1,1,1
446.30318427085876,0,21,0,73,0,74,59,37,1,1,1,1
447.43507623672485,0,21,0,73,0,74,59,37,1,1,1,1
448.575231552124,0,21,0,73,0,74,59,37,1,1,1,1
449.7054269313812,0,21,0,73,0,74,59,37,1,1,1,1
450.84533882141113,0,21,0,73,0,73,59,38,1,1,1,1
451.975248336792,0,21,0,72,0,74,60,37,1,1,1,1
453.0964479446411,0,21,0,72,0,74,60,37,1,1,1,1
454.2266335487366,0,21,0,72,0,74,60,37,1,1,1,1
455.37590622901917,0,21,0,72,0,74,60,37,1,1,1,1
456.50674748420715,0,21,0,72,0,74,60,37,1,1,1,1
457.65523314476013,0,21,0,72,0,74,60,37,1,1,1,1
458.7904841899872,0,21,0,72,0,74,60,37,1,1,1,1
459.9200277328491,0,21,0,72,0,74,61,36,1,1,1,1
461.0600121021271,0,21,0,72,0,74,61,36,1,1,1,1
462.1954023838043,0,21,0,72,0,74,61,36,1,1,1,1
463.3251142501831,0,21,0,72,0,74,61,36,1,1,1,1
464.4655680656433,0,21,0,72,0,74,61,36,1,1,1,1
465.60506081581116,0,21,0,72,0,74,61,36,1,1,1,1
466.7252354621887,0,21,0,72,0,74,61,36,1,1,1,1
467.86009550094604,0,21,0,72,0,74,62,35,1,1,1,1
469.00529313087463,0,21,0,72,0,74,62,35,1,1,1,1
470.15527153015137,0,21,0,72,0,74,62,35,1,1,1,1
471.29509592056274,0,21,0,72,0,74,62,35,1,1,1,1
472.44041180610657,0,21,0,72,0,74,62,35,1,1,1,1
473.5605571269989,0,21,0,72,0,73,63,35,1,1,1,1
474.6954493522644,0,21,0,72,0,73,63,35,1,1,1,1
475.82507586479187,0,21,0,72,0,73,63,35,1,1,1,1
476.9591474533081,0,21,0,72,0,73,63,35,1,1,1,1
478.1073377132416,0,21,0,72,0,73,63,35,1,1,1,1
479.2593107223511,0,21,0,72,0,73,63,35,1,1,1,1
480.41525506973267,0,21,0,72,0,73,63,35,1,1,1,1
481.56524085998535,0,21,0,72,0,73,64,34,1,1,1,1
482.690988779068,0,21,0,72,0,73,64,34,1,1,1,1
483.81541633605957,0,21,0,72,0,73,64,34,1,1,1,1
484.9552536010742,0,21,0,72,0,73,64,34,1,1,1,1
486.0953917503357,0,21,0,72,0,73,64,34,1,1,1,1
487.23585081100464,0,21,0,72,0,73,64,34,1,1,1,1
488.37541222572327,0,21,0,72,0,73,64,34,1,1,1,1
489.5110833644867,0,21,0,72,0,73,64,34,1,1,1,1
490.6649742126465,0,21,0,72,0,73,65,33,1,1,1,1
491.8051857948303,0,21,0,71,0,74,65,33,1,1,1,1
492.91541624069214,0,21,0,71,0,74,65,33,1,1,1,1
494.06048703193665,0,21,0,71,0,74,65,33,1,1,1,1
495.1850025653839,0,21,0,71,0,74,65,33,1,1,1,1
496.31718707084656,0,21,0,71,0,74,65,33,1,1,1,1
497.4652760028839,0,21,0,71,0,73,65,34,1,1,1,1
498.68059372901917,0,21,0,71,0,73,66,33,1,1,1,1
499.8050401210785,0,21,0,71,0,73,66,33,1,1,1,1
500.94549798965454,0,21,0,71,0,73,66,33,1,1,1,1
502.07124042510986,0,21,0,71,0,73,66,33,1,1,1,1
503.2013611793518,0,21,0,71,0,73,66,33,1,1,1,1
504.3302068710327,0,21,0,71,0,73,66,33,1,1,1,1
505.4706165790558,0,21,0,71,0,73,67,32,1,1,1,1
506.60327100753784,0,21,0,71,0,73,67,32,1,1,1,1
507.74038577079773,0,21,0,71,0,73,67,32,1,1,1,1
508.8661918640137,0,21,0,71,0,73,67,32,1,1,1,1
509.990026473999,0,21,0,71,0,73,67,32,1,1,1,1
511.1251244544983,0,21,0,71,0,73,67,32,1,1,1,1
512.2561082839966,0,21,0,71,0,73,67,32,1,1,1,1
513.3951451778412,0,21,0,71,0,73,68,31,1,1,1,1
514.5193860530853,0,21,0,71,0,73,68,31,1,1,1,1
515.6451804637909,0,21,0,71,0,73,68,31,1,1,1,1
516.7750144004822,0,21,0,71,0,73,68,31,1,1,1,1
517.9154241085052,0,21,0,71,0,72,68,32,1,1,1,1
519.0442235469818,0,21,0,71,0,72,68,32,1,1,1,1
520.1851279735565,0,21,0,71,0,72,68,32,1,1,1,1
521.3331634998322,0,21,0,71,0,72,69,31,1,1,1,1
522.4611330032349,0,21,0,71,0,72,69,31,1,1,1,1
523.6051976680756,0,21,0,71,0,72,69,31,1,1,1,1
524.7448673248291,0,21,0,71,0,72,69,31,1,1,1,1
525.8952069282532,0,21,0,71,0,72,69,31,1,1,1,1
527.031849861145,0,21,0,71,0,72,69,31,1,1,1,1
528.1652367115021,0,21,0,71,0,72,69,31,1,1,1,1
529.3261609077454,0,21,0,71,0,72,69,31,1,1,1,1
530.4552202224731,0,21,0,71,0,72,70,30,1,1,1,1
531.5950195789337,0,21,0,70,0,73,70,30,1,1,1,1
532.7252321243286,0,21,0,70,0,73,70,30,1,1,1,1
533.8502984046936,0,21,0,70,0,73,70,30,1,1,1,1
534.9803197383881,0,20,0,71,0,73,70,30,1,1,1,1
536.1213662624359,0,20,0,71,0,73,70,30,1,1,1,1
537.241043806076,0,20,0,71,0,73,71,29,1,1,1,1
538.395082950592,0,20,0,71,0,73,71,29,1,1,1,1
539.5251078605652,0,20,0,71,0,73,71,29,1,1,1,1
540.6711766719818,0,20,0,71,0,73,71,29,1,1,1,1
541.8029937744141,0,20,0,71,0,72,71,30,1,1,1,1
542.9883232116699,0,20,0,71,0,72,71,30,1,1,1,1
544.1660678386688,0,20,0,71,0,72,72,29,1,1,1,1
545.3265931606293,0,20,0,71,0,72,72,29,1,1,1,1
546.5337207317352,0,20,0,71,0,72,72,29,1,1,1,1
547.6717367172241,0,20,0,71,0,72,72,29,1,1,1,1
548.8042862415314,0,20,0,71,0,72,72,29,1,1,1,1
549.9247481822968,0,20,0,71,0,72,72,29,1,1,1,1
551.0744819641113,0,20,0,71,0,72,72,29,1,1,1,1
552.2093648910522,0,20,0,71,0,72,72,29,1,1,1,1
553.3584587574005,0,20,0,71,0,72,73,28,1,1,1,1
554.479166507721,0,20,0,71,0,72,73,28,1,1,1,1
555.6041028499603,0,20,0,71,0,72,73,28,1,1,1,1
556.7279243469238,0,20,0,71,0,72,73,28,1,1,1,1
557.8466820716858,0,20,0,71,0,72,73,28,1,1,1,1
558.9741632938385,0,20,0,71,0,72,73,28,1,1,1,1
560.145122051239,0,20,0,71,0,72,73,28,1,1,1,1
561.2753024101257,0,20,0,71,0,72,73,28,1,1,1,1
562.3983795642853,0,20,0,71,0,72,74,27,1,1,1,1
563.5151000022888,0,20,0,71,0,71,74,28,1,1,1,1
564.6481547355652,0,20,0,71,0,71,74,28,1,1,1,1
565.7759597301483,0,20,0,71,0,71,74,28,1,1,1,1
566.915561914444,0,20,0,71,0,71,74,28,1,1,1,1
568.0497028827667,0,20,0,71,0,71,74,28,1,1,1,1
569.1745040416718,0,20,0,71,0,71,75,27,1,1,1,1
570.3005878925323,0,20,0,71,0,71,75,27,1,1,1,1
571.4174129962921,0,20,0,71,0,71,75,27,1,1,1,1
572.5394933223724,0,20,0,70,0,72,75,27,1,1,1,1
573.6688821315765,0,20,0,70,0,72,75,27,1,1,1,1
574.7954757213593,0,20,0,70,0,72,76,26,1,1,1,1
575.9201061725616,0,20,0,70,0,72,76,26,1,1,1,1
577.0550138950348,0,20,0,70,0,72,76,26,1,1,1,1
578.1851482391357,0,20,0,70,0,72,76,26,1,1,1,1
579.3028180599213,0,20,0,70,0,72,76,26,1,1,1,1
580.4450008869171,0,20,0,70,0,72,76,26,1,1,1,1
581.5708734989166,0,20,0,70,0,72,76,26,1,1,1,1
582.6886608600616,0,20,0,70,0,72,77,25,1,1,1,1
583.8061921596527,0,20,0,70,0,72,77,25,1,1,1,1
584.9373614788055,0,20,0,70,0,71,77,26,1,1,1,1
586.0584735870361,0,20,0,70,0,71,77,26,1,1,1,1
587.1920502185822,0,20,0,70,0,71,77,26,1,1,1,1
588.3153140544891,0,20,0,70,0,71,77,26,1,1,1,1
589.4560425281525,0,20,0,70,0,71,78,25,1,1,1,1
590.5949413776398,0,20,0,70,0,71,78,25,1,1,1,1
591.7351260185242,0,20,0,70,0,71,78,25,1,1,1,1
593.1449196338654,0,20,0,70,0,71,78,25,1,1,1,1
594.2952561378479,0,20,0,70,0,71,78,25,1,1,1,1
595.4353411197662,0,20,0,70,0,71,78,25,1,1,1,1
596.5753428936005,0,20,0,70,0,71,78,25,1,1,1,1
597.9355435371399,0,20,0,70,0,71,79,24,1,1,1,1
599.0704417228699,0,20,0,70,0,71,79,24,1,1,1,1
600.1952555179596,0,20,0,70,0,71,79,24,1,1,1,1
601.325451374054,0,20,0,70,0,71,79,24,1,1,1,1
602.4627182483673,0,20,0,70,0,71,79,24,1,1,1,1
603.5813415050507,0,20,0,70,0,71,79,24,1,1,1,1
604.6997108459473,0,20,0,70,0,71,80,23,1,1,1,1
605.8295307159424,0,20,0,70,0,71,80,23,1,1,1,1
606.9507572650909,0,20,0,70,0,70,80,24,1,1,1,1
608.3501851558685,0,20,0,70,0,70,80,24,1,1,1,1
609.5183799266815,0,20,0,70,0,70,80,24,1,1,1,1
610.6650402545929,0,20,0,70,0,70,80,24,1,1,1,1
611.7880430221558,0,20,0,70,0,70,80,24,1,1,1,1
612.9353220462799,0,20,0,70,0,70,80,24,1,1,1,1
614.0745389461517,0,20,0,70,0,70,81,23,1,1,1,1
615.2252945899963,0,20,0,70,0,70,81,23,1,1,1,1
616.3654456138611,0,20,0,69,0,71,81,23,1,1,1,1
617.4952757358551,0,20,0,69,0,71,81,23,1,1,1,1
618.6392030715942,0,20,0,69,0,71,81,23,1,1,1,1
619.7651278972626,0,20,0,69,0,71,81,23,1,1,1,1
620.9050450325012,0,20,0,69,0,71,81,23,1,1,1,1
622.0309729576111,0,20,0,69,0,71,82,22,1,1,1,1
623.2091255187988,0,20,0,69,0,71,82,22,1,1,1,1
624.336669921875,0,20,0,69,0,71,82,22,1,1,1,1
625.4649443626404,0,20,0,69,0,71,82,22,1,1,1,1
626.6152431964874,0,20,0,69,0,71,82,22,1,1,1,1
627.7401926517487,0,20,0,69,0,71,82,22,1,1,1,1
628.860518693924,0,20,0,69,0,71,83,21,1,1,1,1
629.977697134018,0,20,0,69,0,70,83,22,1,1,1,1
631.1064562797546,0,20,0,69,0,70,83,22,1,1,1,1
632.2250003814697,0,20,0,69,0,70,83,22,1,1,1,1
633.3649697303772,0,20,0,69,0,70,83,22,1,1,1,1
634.514892578125,0,20,0,69,0,70,84,21,1,1,1,1
635.6457016468048,0,20,0,69,0,70,84,21,1,1,1,1
636.7651152610779,0,20,0,69,0,70,84,21,1,1,1,1
637.9052224159241,0,20,0,69,0,70,84,21,1,1,1,1
639.0550591945648,0,20,0,69,0,70,84,21,1,1,1,1
640.1918258666992,0,20,0,69,0,70,84,21,1,1,1,1
641.3212978839874,0,20,0,69,0,70,85,20,1,1,1,1
642.450311422348,0,20,0,69,0,70,85,20,1,1,1,1
643.5811002254486,0,20,0,69,0,70,85,20,1,1,1,1
644.7169127464294,0,20,0,69,0,70,85,20,1,1,1,1
645.8371889591217,0,20,0,69,0,70,85,20,1,1,1,1
646.9690351486206,0,20,0,69,0,70,85,20,1,1,1,1
648.1025037765503,0,19,0,70,0,70,86,19,1,1,1,1
649.2351343631744,0,19,0,70,0,70,86,19,1,1,1,1
650.369544506073,0,19,0,70,0,70,86,19,1,1,1,1
651.4999649524689,0,19,0,70,0,70,86,19,1,1,1,1
652.6352035999298,0,19,0,70,0,70,86,19,1,1,1,1
653.7751264572144,0,19,0,70,0,69,86,20,1,1,1,1
654.9151542186737,0,19,0,70,0,69,87,19,1,1,1,1
656.0414266586304,0,19,0,70,0,69,87,19,1,1,1,1
657.164234161377,0,19,0,70,0,69,87,19,1,1,1,1
658.3040452003479,0,19,0,69,0,70,87,19,1,1,1,1
659.4411065578461,0,19,0,69,0,70,87,19,1,1,1,1
660.5750813484192,0,19,0,69,0,70,87,19,1,1,1,1
661.6922447681427,0,19,0,69,0,70,87,19,1,1,1,1
662.8249905109406,0,19,0,69,0,70,88,18,1,1,1,1
663.9504942893982,0,19,0,69,0,70,88,18,1,1,1,1
665.0938081741333,0,19,0,69,0,70,88,18,1,1,1,1
666.2286102771759,0,19,0,69,0,70,88,18,1,1,1,1
667.3572344779968,0,19,0,69,0,70,88,18,1,1,1,1
668.497172832489,0,19,0,69,0,70,88,18,1,1,1,1
669.6270508766174,0,19,0,69,0,70,88,18,1,1,1,1
670.7527825832367,0,19,0,69,0,70,88,18,1,1,1,1
671.8770685195923,0,19,0,69,0,70,88,18,1,1,1,1
673.0268769264221,0,19,0,69,0,70,89,17,1,1,1,1
674.3571095466614,0,19,0,69,0,70,89,17,1,1,1,1
675.5647938251495,0,19,0,69,0,70,89,17,1,1,1,1
676.7071650028229,0,19,0,69,0,69,89,18,1,1,1,1
678.2970240116119,0,19,0,69,0,69,89,18,1,1,1,1
679.4272809028625,0,19,0,69,0,69,90,17,1,1,1,1
681.4372227191925,0,19,0,69,0,69,90,17,1,1,1,1
682.5671093463898,0,19,0,69,0,69,90,17,1,1,1,1
683.7070348262787,0,19,0,69,0,69,90,17,1,1,1,1
684.8268406391144,0,19,0,69,0,69,90,17,1,1,1,1
685.9451763629913,0,19,0,69,0,69,90,17,1,1,1,1
687.0770514011383,0,19,0,69,0,69,90,17,1,1,1,1
688.1969788074493,0,19,0,69,0,69,91,16,1,1,1,1
689.3215391635895,0,19,0,69,0,69,91,16,1,1,1,1
690.7398164272308,0,19,0,69,0,69,91,16,1,1,1,1
691.8666481971741,0,19,0,69,0,69,91,16,1,1,1,1
693.0008471012115,0,19,0,69,0,69,91,16,1,1,1,1
694.1273748874664,0,19,0,69,0,69,92,15,1,1,1,1
695.2570934295654,0,19,0,69,0,69,92,15,1,1,1,1
696.4270470142365,0,19,0,69,0,69,92,15,1,1,1,1
699.5420486927032,0,19,0,69,0,68,92,16,1,1,1,1
700.6751112937927,0,19,0,68,0,69,92,16,1,1,1,1
701.8085086345673,0,19,0,68,0,69,93,15,1,1,1,1
702.9426033496857,0,19,0,68,0,69,93,15,1,1,1,1
704.0749325752258,0,19,0,68,0,69,93,15,1,1,1,1
705.1952364444733,0,19,0,68,0,69,93,15,1,1,1,1
706.3237612247467,0,19,0,68,0,69,93,15,1,1,1,1
707.4448282718658,0,19,0,68,0,69,93,15,1,1,1,1
708.5633807182312,0,19,0,68,0,69,94,14,1,1,1,1
709.6950252056122,0,19,0,68,0,69,94,14,1,1,1,1
710.8148221969604,0,19,0,68,0,69,94,14,1,1,1,1
711.9312403202057,0,19,0,68,0,69,94,14,1,1,1,1
713.0639400482178,0,19,0,68,0,69,94,14,1,1,1,1
714.1965537071228,0,19,0,68,0,69,94,14,1,1,1,1
715.3154349327087,0,19,0,68,0,69,94,14,1,1,1,1
716.4501755237579,0,19,0,68,0,69,95,13,1,1,1,1
717.5671987533569,0,19,0,68,0,69,95,13,1,1,1,1
718.6835241317749,0,19,0,68,0,69,95,13,1,1,1,1
719.8019638061523,0,19,0,68,0,69,95,13,1,1,1,1
720.9189071655273,0,19,0,68,0,68,95,14,1,1,1,1
722.0359117984772,0,19,0,68,0,68,95,14,1,1,1,1
723.1525909900665,0,19,0,68,0,68,95,14,1,1,1,1
724.2714540958405,0,19,0,68,0,68,95,14,1,1,1,1
725.4003841876984,0,19,0,68,0,68,96,13,1,1,1,1
726.5230007171631,0,19,0,68,0,68,96,13,1,1,1,1
727.6386284828186,0,19,0,68,0,68,96,13,1,1,1,1
728.7559514045715,0,19,0,68,0,68,96,13,1,1,1,1
729.8755016326904,0,19,0,68,0,68,96,13,1,1,1,1
730.9917743206024,0,19,0,68,0,68,96,13,1,1,1,1
732.1240372657776,0,19,0,68,0,68,96,13,1,1,1,1
733.2398343086243,0,19,0,68,0,68,97,12,1,1,1,1
734.3585772514343,0,19,0,68,0,68,97,12,1,1,1,1
735.5255351066589,0,19,0,68,0,68,97,12,1,1,1,1
736.6917078495026,0,19,0,68,0,68,97,12,1,1,1,1
737.8358502388,0,19,0,68,0,68,97,12,1,1,1,1
738.9751329421997,0,19,0,68,0,68,97,12,1,1,1,1
740.1092410087585,0,19,0,67,0,69,98,11,1,1,1,1
741.228607416153,0,19,0,67,0,69,98,11,1,1,1,1
742.3606157302856,0,19,0,67,0,69,98,11,1,1,1,1
743.4793946743011,0,19,0,67,0,69,98,11,1,1,1,1
744.6285514831543,0,19,0,67,0,69,98,11,1,1,1,1
745.7631628513336,0,19,0,67,0,68,98,12,1,1,1,1
746.8971781730652,0,19,0,67,0,68,98,12,1,1,1,1
748.0318233966827,0,19,0,67,0,68,98,12,1,1,1,1
749.1491029262543,0,19,0,67,0,68,98,12,1,1,1,1
750.2816162109375,0,19,0,67,0,68,99,11,1,1,1,1
751.4016046524048,0,19,0,67,0,68,99,11,1,1,1,1
752.5320599079132,0,18,0,68,0,68,99,11,1,1,1,1
753.6761858463287,0,18,0,68,0,68,99,11,1,1,1,1
754.7880318164825,0,18,0,68,0,68,99,11,1,1,1,1
755.9216153621674,0,18,0,68,0,68,99,11,1,1,1,1
757.0519096851349,0,18,0,68,0,68,100,10,1,1,1,1
758.1851899623871,0,18,0,68,0,68,100,10,1,1,1,1
759.3069090843201,0,18,0,68,0,68,100,10,1,1,1,1
760.4319615364075,0,18,0,68,0,68,100,10,1,1,1,1
761.5717031955719,0,18,0,68,0,68,100,10,1,1,1,1
762.7317280769348,0,18,0,68,0,68,101,9,1,1,1,1
763.8815734386444,0,18,0,68,0,68,101,9,1,1,1,1
765.0214822292328,0,18,0,68,0,68,101,9,1,1,1,1
766.1424760818481,0,18,0,68,0,68,101,9,1,1,1,1
767.2719547748566,0,18,0,68,0,68,101,9,1,1,1,1
768.4080624580383,0,18,0,68,0,67,101,10,1,1,1,1
769.5258913040161,0,18,0,68,0,67,101,10,1,1,1,1
770.6710278987885,0,18,0,68,0,67,101,10,1,1,1,1
771.8085980415344,0,18,0,68,0,67,102,9,1,1,1,1
772.9424088001251,0,18,0,68,0,67,102,9,1,1,1,1
774.0624182224274,0,18,0,68,0,67,102,9,1,1,1,1
775.1785373687744,0,18,0,68,0,67,102,9,1,1,1,1
776.3016133308411,0,18,0,68,0,67,102,9,1,1,1,1
777.4402780532837,0,18,0,68,0,67,102,9,1,1,1,1
778.5935990810394,0,18,0,68,0,67,103,8,1,1,1,1
779.7316133975983,0,18,0,68,0,67,103,8,1,1,1,1
780.869117975235,0,18,0,68,0,67,103,8,1,1,1,1
782.0438449382782,0,18,0,67,0,68,103,8,1,1,1,1
783.7649145126343,0,18,0,67,0,68,103,8,1,1,1,1
784.8920795917511,0,18,0,67,0,68,103,8,1,1,1,1
786.0338010787964,0,18,0,67,0,68,104,7,1,1,1,1
787.1655421257019,0,18,0,67,0,68,104,7,1,1,1,1
788.2720768451691,0,18,0,67,0,68,104,7,1,1,1,1
789.4008860588074,0,18,0,67,0,67,104,8,1,1,1,1
790.531765460968,0,18,0,67,0,67,104,8,1,1,1,1
791.6515650749207,0,18,0,67,0,67,104,8,1,1,1,1
792.7846961021423,0,18,0,67,0,67,105,7,1,1,1,1
793.9195594787598,0,18,0,67,0,67,105,7,1,1,1,1
795.7915663719177,0,18,0,67,0,67,105,7,1,1,1,1
796.9202456474304,0,18,0,67,0,67,105,7,1,1,1,1
798.0595855712891,0,18,0,67,0,67,105,7,1,1,1,1
799.7224886417389,0,18,0,67,0,67,105,7,1,1,1,1
800.8737814426422,0,18,0,67,0,67,106,6,1,1,1,1
802.0056250095367,0,18,0,67,0,67,106,6,1,1,1,1
803.1230726242065,0,18,0,67,0,67,106,6,1,1,1,1
804.2716732025146,0,18,0,67,0,67,106,6,1,1,1,1
805.3916261196136,0,18,0,67,0,67,106,6,1,1,1,1
806.5242784023285,0,18,0,67,0,67,106,6,1,1,1,1
807.6499519348145,0,18,0,67,0,67,106,6,1,1,1,1
808.7721040248871,0,18,0,67,0,67,107,5,1,1,1,1
809.9516949653625,0,18,0,67,0,67,107,5,1,1,1,1
811.1417667865753,0,18,0,67,0,67,107,5,1,1,1,1
812.2864699363708,0,18,0,67,0,66,107,6,1,1,1,1
813.4216315746307,0,18,0,67,0,66,107,6,1,1,1,1
814.5577566623688,0,18,0,67,0,66,107,6,1,1,1,1
815.688802242279,0,18,0,67,0,66,107,6,1,1,1,1
816.8217933177948,0,18,0,67,0,66,107,6,1,1,1,1
817.931643486023,0,18,0,67,0,66,108,5,1,1,1,1
819.0691709518433,0,18,0,67,0,66,108,5,1,1,1,1
820.2116343975067,0,18,0,67,0,66,108,5,1,1,1,1
821.3417251110077,0,18,0,67,0,66,108,5,1,1,1,1
822.4817702770233,0,18,0,66,0,67,108,5,1,1,1,1
823.611786365509,0,18,0,66,0,67,108,5,1,1,1,1
824.7312030792236,0,18,0,66,0,67,109,4,1,1,1,1
825.8482389450073,0,18,0,66,0,67,109,4,1,1,1,1
826.9835360050201,0,18,0,66,0,67,109,4,1,1,1,1
828.133947134018,0,18,0,66,0,67,109,4,1,1,1,1
829.2499375343323,0,18,0,66,0,67,109,4,1,1,1,1
830.3692486286163,0,18,0,66,0,67,109,4,1,1,1,1
831.4853706359863,0,18,0,66,0,67,109,4,1,1,1,1
832.6153254508972,0,18,0,66,0,67,110,3,1,1,1,1
833.7365944385529,0,18,0,66,0,67,110,3,1,1,1,1
834.8525519371033,0,18,0,66,0,66,110,4,1,1,1,1
835.9695537090302,0,18,0,66,0,66,110,4,1,1,1,1
837.0882878303528,0,18,0,66,0,66,110,4,1,1,1,1
838.2062132358551,0,18,0,66,0,66,110,4,1,1,1,1
839.3211703300476,0,18,0,66,0,66,110,4,1,1,1,1
840.4396772384644,0,18,0,66,0,66,110,4,1,1,1,1
841.5710899829865,0,18,0,66,0,66,111,3,1,1,1,1
842.696590423584,0,18,0,66,0,66,111,3,1,1,1,1
843.8245222568512,0,18,0,66,0,66,111,3,1,1,1,1
844.9418992996216,0,18,0,66,0,66,111,3,1,1,1,1
846.057772397995,0,18,0,66,0,66,111,3,1,1,1,1
847.176723241806,0,18,0,66,0,66,111,3,1,1,1,1
848.292516708374,0,18,0,66,0,66,111,3,1,1,1,1
849.4104249477386,0,18,0,66,0,66,112,2,1,1,1,1
850.5276219844818,0,18,0,66,0,66,112,2,1,1,1,1
851.6446831226349,0,18,0,66,0,66,112,2,1,1,1,1
852.7628908157349,0,18,0,66,0,66,112,2,1,1,1,1
853.8799991607666,0,17,0,67,0,66,112,2,1,1,1,1
854.9970347881317,0,17,0,67,0,66,112,2,1,1,1,1
856.1145067214966,0,17,0,67,0,66,113,1,1,1,1,1
857.2463045120239,0,17,0,67,0,65,113,2,1,1,1,1
858.3818688392639,0,17,0,67,0,65,113,2,1,1,1,1
859.5138714313507,0,17,0,67,0,65,113,2,1,1,1,1
860.6489851474762,0,17,0,67,0,65,113,2,1,1,1,1
861.7652842998505,0,17,0,67,0,65,113,2,1,1,1,1
862.8828549385071,0,17,0,67,0,65,113,2,1,1,1,1
864.0018558502197,0,17,0,67,0,65,114,1,1,1,1,1
865.1341853141785,0,17,0,66,0,66,114,1,1,1,1,1
866.2668151855469,0,17,0,66,0,66,114,1,1,1,1,1
867.3841614723206,0,17,0,66,0,66,114,1,1,1,1,1
868.5035886764526,0,17,0,66,0,66,114,1,1,1,1,1
869.6194500923157,0,17,0,66,0,66,114,1,1,1,1,1
870.737813949585,0,17,0,66,0,66,114,1,1,1,1,1
871.8522884845734,0,17,0,66,0,66,115,0,1,1,1,1
873.0033814907074,0,17,0,66,0,66,115,0,1,1,1,1
